accuracy,precision_macro,recall_macro,f1_macro,precision_weighted,recall_weighted,f1_weighted,auc_macro_ovr,auc_weighted_ovr,nll,ece,num_samples
0.9937456567060459,0.9934383591895324,0.9934320069702481,0.9934307273215537,0.9937558739328011,0.9937456567060459,0.9937461552168452,0.9984975792851587,0.9985446815494795,0.04399282013651899,0.014106801850171118,1439
