class_id,class_name,precision,recall,f1,support
0,glioma,0.992,0.9973190348525469,0.9946524064171123,373
1,meningioma,0.990228013029316,0.987012987012987,0.9886178861788618,308
2,no_tumor,1.0,0.9950617283950617,0.9975247524752475,405
3,pituitary,0.9915254237288136,0.9943342776203966,0.9929278642149929,353
